{
  "bs4_eager": {
    "time": 0.08647304624319077,
    "tflops": 70.2,
    "mfu": 22.5,
    "tok_s": 23684
  },
  "bs8_eager": {
    "time": 0.14514181315898894,
    "tflops": 83.7,
    "mfu": 26.8,
    "tok_s": 28221
  },
  "bs4_compiled": {
    "time": 0.06759383901953697,
    "tflops": 89.8,
    "mfu": 28.8,
    "tok_s": 30299
  },
  "meta": {
    "model": "Qwen/Qwen2.5-0.5B-Instruct",
    "params_M": 494,
    "device": "NVIDIA A100 80GB PCIe",
    "peak_mem_gb": 17.4,
    "pytorch": "2.10.0+cu129"
  }
}