{
  "bs4_eager": {
    "time": 0.3142023797001457,
    "tflops": 19.32090603189402,
    "mfu": 20.125943783222937,
    "tok_s": 6518.091944289149
  },
  "bs8_eager": {
    "time": 0.5605273613065946,
    "tflops": 21.66058277345534,
    "mfu": 22.563107055682643,
    "tok_s": 7307.404210299716
  },
  "bs4_compiled": {
    "time": 0.2300531342974864,
    "tflops": 26.38814146880471,
    "mfu": 27.48764736333824,
    "tok_s": 8902.291230475867
  },
  "meta": {
    "model": "Qwen/Qwen2.5-0.5B-Instruct",
    "params_M": 494.032768,
    "device": "Intel(R) Arc(TM) Pro B60 Graphics",
    "peak_tflops": 96.0,
    "peak_mem_gb": 21.09068032,
    "pytorch": "2.10.0+xpu"
  }
}